Time,Progress
1,0
3,0.097235566
15,0.3886384
17,0.3912345
20,0.48
22,0.578162
25,0.6111111111111111
27,0.6545454545454545
